time,signal,entry,stop_loss,take_profit,result,profit,balance
2025-07-14T16:00:00.000000000Z,SELL,1.16705,1.16805,1.16505,LOSS,-100.00,9900.00
2025-07-15T14:00:00.000000000Z,SELL,1.16425,1.16525,1.16225,WIN,198.00,10098.00
2025-07-22T09:00:00.000000000Z,BUY,1.16993,1.16893,1.17193,LOSS,-100.98,9997.02
2025-07-22T14:00:00.000000000Z,BUY,1.17049,1.16949,1.17249,LOSS,-99.97,9897.05
2025-07-30T11:00:00.000000000Z,SELL,1.15387,1.15487,1.15187,WIN,197.94,10094.99
2025-07-31T16:00:00.000000000Z,SELL,1.14294,1.14394,1.14094,WIN,201.90,10296.89
2025-08-01T08:00:00.000000000Z,SELL,1.14181,1.14281,1.13981,WIN,205.94,10502.83
2025-08-01T12:00:00.000000000Z,SELL,1.14041,1.14141,1.13841,LOSS,-105.03,10397.80
2025-08-13T21:00:00.000000000Z,BUY,1.17065,1.16965,1.17265,LOSS,-103.98,10293.82
2025-08-20T09:00:00.000000000Z,SELL,1.16371,1.16471,1.16171,LOSS,-102.94,10190.88
2025-08-20T12:00:00.000000000Z,SELL,1.16416,1.16516,1.16216,LOSS,-101.91,10088.97
2025-08-21T01:00:00.000000000Z,SELL,1.16463,1.16563,1.16263,WIN,201.78,10290.75
2025-08-22T14:00:00.000000000Z,SELL,1.15999,1.16099,1.15799,LOSS,-102.91,10187.84
2025-08-27T00:00:00.000000000Z,SELL,1.16366,1.16466,1.16166,WIN,203.76,10391.60
2025-09-02T23:00:00.000000000Z,SELL,1.16365,1.16465,1.16165,WIN,207.84,10599.44
2025-09-04T17:00:00.000000000Z,SELL,1.16388,1.16488,1.16188,LOSS,-105.99,10493.45
2025-09-08T12:00:00.000000000Z,BUY,1.17296,1.17196,1.17496,WIN,209.86,10703.31
2025-09-10T17:00:00.000000000Z,SELL,1.17049,1.17149,1.16849,WIN,214.06,10917.37
2025-09-16T02:00:00.000000000Z,BUY,1.17685,1.17585,1.17885,WIN,218.34,11135.71
2025-09-17T06:00:00.000000000Z,BUY,1.18589,1.18489,1.18789,LOSS,-111.36,11024.35
2025-09-19T05:00:00.000000000Z,SELL,1.17733,1.17833,1.17533,WIN,220.48,11244.83
2025-09-24T05:00:00.000000000Z,BUY,1.18037,1.17937,1.18237,LOSS,-112.45,11132.38
2025-09-25T08:00:00.000000000Z,SELL,1.17329,1.17429,1.17129,LOSS,-111.32,11021.06
2025-09-26T11:00:00.000000000Z,SELL,1.16627,1.16727,1.16427,LOSS,-110.21,10910.85
2025-09-30T00:00:00.000000000Z,BUY,1.17315,1.17215,1.17515,LOSS,-109.11,10801.74
2025-10-01T05:00:00.000000000Z,BUY,1.17594,1.17494,1.17794,LOSS,-108.02,10693.72
2025-10-08T00:00:00.000000000Z,SELL,1.16523,1.16623,1.16323,WIN,213.88,10907.60
2025-10-09T12:00:00.000000000Z,SELL,1.16115,1.16215,1.15915,LOSS,-109.08,10798.52
2025-10-15T19:00:00.000000000Z,BUY,1.16339,1.16239,1.16539,WIN,215.98,11014.50
2025-10-16T15:00:00.000000000Z,BUY,1.16777,1.16677,1.16977,LOSS,-110.14,10904.36
2025-10-16T17:00:00.000000000Z,BUY,1.16779,1.16679,1.16979,WIN,218.08,11122.44
2025-10-22T08:00:00.000000000Z,SELL,1.16000,1.16100,1.15800,WIN,222.44,11344.88
2025-10-27T17:00:00.000000000Z,BUY,1.16395,1.16295,1.16595,WIN,226.90,11571.78
2025-10-28T10:00:00.000000000Z,BUY,1.16577,1.16477,1.16777,LOSS,-115.72,11456.06
2025-10-31T07:00:00.000000000Z,SELL,1.15607,1.15707,1.15407,LOSS,-114.56,11341.50
2025-10-31T12:00:00.000000000Z,SELL,1.15661,1.15761,1.15461,WIN,226.84,11568.34
2025-11-03T09:00:00.000000000Z,SELL,1.15128,1.15228,1.14928,LOSS,-115.68,11452.66
2025-11-03T19:00:00.000000000Z,SELL,1.15225,1.15325,1.15025,WIN,229.06,11681.72
2025-11-04T05:00:00.000000000Z,SELL,1.15087,1.15187,1.14887,LOSS,-116.82,11564.90
2025-11-04T09:00:00.000000000Z,SELL,1.15132,1.15232,1.14932,WIN,231.30,11796.20
2025-11-05T07:00:00.000000000Z,SELL,1.14875,1.14975,1.14675,LOSS,-117.96,11678.24
2025-11-10T13:00:00.000000000Z,BUY,1.15689,1.15589,1.15889,LOSS,-116.78,11561.46
2025-11-10T18:00:00.000000000Z,BUY,1.15614,1.15514,1.15814,LOSS,-115.61,11445.85
2025-11-12T22:00:00.000000000Z,BUY,1.15937,1.15837,1.16137,LOSS,-114.46,11331.39
2025-11-13T02:00:00.000000000Z,BUY,1.15901,1.15801,1.16101,WIN,226.62,11558.01
2025-11-13T23:00:00.000000000Z,BUY,1.16381,1.16281,1.16581,LOSS,-115.58,11442.43
2025-11-14T03:00:00.000000000Z,BUY,1.16365,1.16265,1.16565,LOSS,-114.42,11328.01
2025-11-14T13:00:00.000000000Z,BUY,1.16535,1.16435,1.16735,LOSS,-113.28,11214.73
2025-11-18T01:00:00.000000000Z,SELL,1.15863,1.15963,1.15663,LOSS,-112.15,11102.58
2025-11-18T07:00:00.000000000Z,SELL,1.15937,1.16037,1.15737,LOSS,-111.03,10991.55
2025-11-18T16:00:00.000000000Z,SELL,1.15814,1.15914,1.15614,LOSS,-109.92,10881.63
2025-11-19T14:00:00.000000000Z,SELL,1.15720,1.15820,1.15520,WIN,217.64,11099.27
2025-11-24T00:00:00.000000000Z,SELL,1.15067,1.15167,1.14867,LOSS,-110.99,10988.28
2025-11-26T12:00:00.000000000Z,BUY,1.15749,1.15649,1.15949,LOSS,-109.88,10878.40
2025-11-26T15:00:00.000000000Z,BUY,1.15793,1.15693,1.15993,WIN,217.56,11095.96
2025-12-01T08:00:00.000000000Z,BUY,1.16077,1.15977,1.16277,WIN,221.92,11317.88
2025-12-04T12:00:00.000000000Z,BUY,1.16809,1.16709,1.17009,LOSS,-113.18,11204.70
2025-12-04T16:00:00.000000000Z,BUY,1.16741,1.16641,1.16941,LOSS,-112.05,11092.65
2025-12-12T18:00:00.000000000Z,BUY,1.17485,1.17385,1.17685,LOSS,-110.93,10981.72
2025-12-16T00:00:00.000000000Z,BUY,1.17545,1.17445,1.17745,LOSS,-109.82,10871.90
2025-12-18T16:00:00.000000000Z,SELL,1.17264,1.17364,1.17064,LOSS,-108.72,10763.18
2025-12-19T21:00:00.000000000Z,SELL,1.17091,1.17191,1.16891,LOSS,-107.63,10655.55
2025-12-22T00:00:00.000000000Z,SELL,1.17094,1.17194,1.16894,LOSS,-106.56,10548.99
2025-12-23T19:00:00.000000000Z,BUY,1.17838,1.17738,1.18038,WIN,210.98,10759.97
2025-12-29T03:00:00.000000000Z,SELL,1.17751,1.17851,1.17551,WIN,215.20,10975.17
2025-12-29T11:00:00.000000000Z,SELL,1.17651,1.17751,1.17451,LOSS,-109.75,10865.42
2025-12-29T16:00:00.000000000Z,SELL,1.17669,1.17769,1.17469,LOSS,-108.65,10756.77
2025-12-30T12:00:00.000000000Z,SELL,1.17661,1.17761,1.17461,WIN,215.14,10971.91
2025-12-31T14:00:00.000000000Z,SELL,1.17413,1.17513,1.17213,WIN,219.44,11191.35
2025-12-31T17:00:00.000000000Z,SELL,1.17342,1.17442,1.17142,LOSS,-111.91,11079.44
2026-01-04T23:00:00.000000000Z,SELL,1.17111,1.17211,1.16911,WIN,221.58,11301.02
2026-01-07T16:00:00.000000000Z,SELL,1.16895,1.16995,1.16695,WIN,226.02,11527.04
2026-01-08T13:00:00.000000000Z,SELL,1.16726,1.16826,1.16526,WIN,230.54,11757.58
2026-01-09T10:00:00.000000000Z,SELL,1.16417,1.16517,1.16217,LOSS,-117.58,11640.00
2026-01-16T09:00:00.000000000Z,SELL,1.16087,1.16187,1.15887,LOSS,-116.40,11523.60
2026-01-26T15:00:00.000000000Z,BUY,1.18798,1.18698,1.18998,WIN,230.48,11754.08
2026-01-27T10:00:00.000000000Z,BUY,1.18897,1.18797,1.19097,LOSS,-117.54,11636.54
2026-02-02T13:00:00.000000000Z,SELL,1.18493,1.18593,1.18293,WIN,232.74,11869.28
2026-02-03T15:00:00.000000000Z,SELL,1.17903,1.18003,1.17703,LOSS,-118.69,11750.59
2026-02-03T19:00:00.000000000Z,SELL,1.18083,1.18183,1.17883,LOSS,-117.51,11633.08
2026-02-05T00:00:00.000000000Z,SELL,1.18009,1.18109,1.17809,WIN,232.66,11865.74
2026-02-05T21:00:00.000000000Z,SELL,1.17800,1.17900,1.17600,LOSS,-118.66,11747.08
2026-02-06T08:00:00.000000000Z,SELL,1.17907,1.18007,1.17707,LOSS,-117.47,11629.61
2026-02-12T13:00:00.000000000Z,SELL,1.18725,1.18825,1.18525,LOSS,-116.30,11513.31
2026-02-12T17:00:00.000000000Z,SELL,1.18699,1.18799,1.18499,WIN,230.26,11743.57
2026-02-16T10:00:00.000000000Z,SELL,1.18636,1.18736,1.18436,WIN,234.88,11978.45
2026-02-18T08:00:00.000000000Z,SELL,1.18341,1.18441,1.18141,LOSS,-119.78,11858.67
2026-02-25T14:00:00.000000000Z,SELL,1.17730,1.17830,1.17530,LOSS,-118.59,11740.08
2026-03-02T05:00:00.000000000Z,SELL,1.17855,1.17955,1.17655,WIN,234.80,11974.88
2026-03-02T21:00:00.000000000Z,SELL,1.16895,1.16995,1.16695,LOSS,-119.75,11855.13
2026-03-03T04:00:00.000000000Z,SELL,1.16899,1.16999,1.16699,WIN,237.10,12092.23
2026-03-04T09:00:00.000000000Z,SELL,1.15989,1.16089,1.15789,LOSS,-120.92,11971.31
2026-03-05T20:00:00.000000000Z,SELL,1.15723,1.15823,1.15523,LOSS,-119.71,11851.60
2026-03-12T13:00:00.000000000Z,SELL,1.15387,1.15487,1.15187,LOSS,-118.52,11733.08
2026-03-16T05:00:00.000000000Z,SELL,1.14409,1.14509,1.14209,WIN,234.66,11967.74
2026-03-18T04:00:00.000000000Z,BUY,1.15369,1.15269,1.15569,LOSS,-119.68,11848.06
2026-03-22T21:00:00.000000000Z,BUY,1.15385,1.15285,1.15585,WIN,236.96,12085.02
2026-03-23T00:00:00.000000000Z,BUY,1.15629,1.15529,1.15829,LOSS,-120.85,11964.17
2026-03-23T18:00:00.000000000Z,BUY,1.16025,1.15925,1.16225,LOSS,-119.64,11844.53
2026-03-24T21:00:00.000000000Z,BUY,1.16071,1.15971,1.16271,WIN,236.90,12081.43
2026-03-26T11:00:00.000000000Z,SELL,1.15565,1.15665,1.15365,WIN,241.62,12323.05
2026-03-26T17:00:00.000000000Z,SELL,1.15349,1.15449,1.15149,LOSS,-123.23,12199.82
2026-03-27T07:00:00.000000000Z,SELL,1.15337,1.15437,1.15137,WIN,244.00,12443.82
2026-03-30T07:00:00.000000000Z,SELL,1.15119,1.15219,1.14919,WIN,248.88,12692.70
2026-03-31T11:00:00.000000000Z,SELL,1.14583,1.14683,1.14383,LOSS,-126.93,12565.77
2026-04-07T12:00:00.000000000Z,BUY,1.15609,1.15509,1.15809,WIN,251.32,12817.09
2026-04-10T04:00:00.000000000Z,BUY,1.16963,1.16863,1.17163,LOSS,-128.17,12688.92
2026-04-10T10:00:00.000000000Z,BUY,1.17111,1.17011,1.17311,WIN,253.78,12942.70
2026-04-14T23:00:00.000000000Z,BUY,1.17957,1.17857,1.18157,LOSS,-129.43,12813.27
2026-04-15T19:00:00.000000000Z,BUY,1.18009,1.17909,1.18209,WIN,256.26,13069.53
2026-04-22T12:00:00.000000000Z,SELL,1.17340,1.17440,1.17140,WIN,261.40,13330.93
2026-04-23T18:00:00.000000000Z,SELL,1.16923,1.17023,1.16723,LOSS,-133.31,13197.62
2026-05-01T11:00:00.000000000Z,BUY,1.17455,1.17355,1.17655,WIN,263.96,13461.58
2026-05-05T12:00:00.000000000Z,SELL,1.16883,1.16983,1.16683,LOSS,-134.62,13326.96
2026-05-06T22:00:00.000000000Z,BUY,1.17511,1.17411,1.17711,WIN,266.54,13593.50
2026-05-11T01:00:00.000000000Z,BUY,1.17707,1.17607,1.17907,LOSS,-135.94,13457.56
2026-05-11T13:00:00.000000000Z,BUY,1.17754,1.17654,1.17954,LOSS,-134.58,13322.98
2026-05-13T03:00:00.000000000Z,SELL,1.17365,1.17465,1.17165,WIN,266.46,13589.44
2026-05-14T06:00:00.000000000Z,SELL,1.17095,1.17195,1.16895,LOSS,-135.89,13453.55
2026-05-14T10:00:00.000000000Z,SELL,1.17067,1.17167,1.16867,WIN,269.08,13722.63
2026-05-17T23:00:00.000000000Z,SELL,1.16223,1.16323,1.16023,LOSS,-137.23,13585.40
2026-05-19T09:00:00.000000000Z,SELL,1.16225,1.16325,1.16025,WIN,271.70,13857.10
2026-05-25T13:00:00.000000000Z,BUY,1.16489,1.16389,1.16689,LOSS,-138.57,13718.53
2026-05-25T18:00:00.000000000Z,BUY,1.16441,1.16341,1.16641,LOSS,-137.19,13581.34
2026-05-27T03:00:00.000000000Z,BUY,1.16392,1.16292,1.16592,WIN,271.62,13852.96
2026-06-04T23:00:00.000000000Z,SELL,1.16115,1.16215,1.15915,LOSS,-138.53,13714.43
2026-06-08T06:00:00.000000000Z,SELL,1.15185,1.15285,1.14985,LOSS,-137.14,13577.29
2026-06-10T17:00:00.000000000Z,BUY,1.15547,1.15447,1.15747,LOSS,-135.77,13441.52
2026-06-11T14:00:00.000000000Z,SELL,1.15289,1.15389,1.15089,WIN,268.84,13710.36
2026-06-16T15:00:00.000000000Z,BUY,1.16078,1.15978,1.16278,LOSS,-137.10,13573.26
2026-06-19T02:00:00.000000000Z,SELL,1.14525,1.14625,1.14325,WIN,271.46,13844.72
2026-06-25T11:00:00.000000000Z,SELL,1.13452,1.13552,1.13252,LOSS,-138.45,13706.27
2026-06-30T18:00:00.000000000Z,BUY,1.14221,1.14121,1.14421,LOSS,-137.06,13569.21
2026-07-02T00:00:00.000000000Z,SELL,1.13767,1.13867,1.13567,LOSS,-135.69,13433.52
2026-07-08T09:00:00.000000000Z,SELL,1.14095,1.14195,1.13895,LOSS,-134.34,13299.18
