time,signal,result,profit,balance
2025-07-14T16:00:00.000000000Z,SELL,LOSS,-100.00,9900.00
2025-07-15T14:00:00.000000000Z,SELL,WIN,198.00,10098.00
2025-07-22T09:00:00.000000000Z,BUY,LOSS,-100.98,9997.02
2025-07-22T14:00:00.000000000Z,BUY,LOSS,-99.97,9897.05
2025-07-30T11:00:00.000000000Z,SELL,WIN,197.94,10094.99
2025-07-31T16:00:00.000000000Z,SELL,WIN,201.90,10296.89
2025-08-01T08:00:00.000000000Z,SELL,WIN,205.94,10502.83
2025-08-01T12:00:00.000000000Z,SELL,LOSS,-105.03,10397.80
2025-08-13T21:00:00.000000000Z,BUY,LOSS,-103.98,10293.82
2025-08-20T09:00:00.000000000Z,SELL,LOSS,-102.94,10190.88
2025-08-20T12:00:00.000000000Z,SELL,LOSS,-101.91,10088.97
2025-08-21T01:00:00.000000000Z,SELL,WIN,201.78,10290.75
2025-08-22T14:00:00.000000000Z,SELL,LOSS,-102.91,10187.84
2025-08-27T00:00:00.000000000Z,SELL,WIN,203.76,10391.60
2025-09-02T23:00:00.000000000Z,SELL,WIN,207.84,10599.44
2025-09-04T17:00:00.000000000Z,SELL,LOSS,-105.99,10493.45
2025-09-08T12:00:00.000000000Z,BUY,WIN,209.86,10703.31
2025-09-10T17:00:00.000000000Z,SELL,WIN,214.06,10917.37
2025-09-16T02:00:00.000000000Z,BUY,WIN,218.34,11135.71
2025-09-17T06:00:00.000000000Z,BUY,LOSS,-111.36,11024.35
2025-09-19T05:00:00.000000000Z,SELL,WIN,220.48,11244.83
2025-09-24T05:00:00.000000000Z,BUY,LOSS,-112.45,11132.38
2025-09-25T08:00:00.000000000Z,SELL,LOSS,-111.32,11021.06
2025-09-26T11:00:00.000000000Z,SELL,LOSS,-110.21,10910.85
2025-09-30T00:00:00.000000000Z,BUY,LOSS,-109.11,10801.74
2025-10-01T05:00:00.000000000Z,BUY,LOSS,-108.02,10693.72
2025-10-08T00:00:00.000000000Z,SELL,WIN,213.88,10907.60
2025-10-09T12:00:00.000000000Z,SELL,LOSS,-109.08,10798.52
2025-10-15T19:00:00.000000000Z,BUY,WIN,215.98,11014.50
2025-10-16T15:00:00.000000000Z,BUY,LOSS,-110.14,10904.36
2025-10-16T17:00:00.000000000Z,BUY,WIN,218.08,11122.44
2025-10-22T08:00:00.000000000Z,SELL,WIN,222.44,11344.88
2025-10-27T17:00:00.000000000Z,BUY,WIN,226.90,11571.78
2025-10-28T10:00:00.000000000Z,BUY,LOSS,-115.72,11456.06
2025-10-31T07:00:00.000000000Z,SELL,LOSS,-114.56,11341.50
2025-10-31T12:00:00.000000000Z,SELL,WIN,226.84,11568.34
2025-11-03T09:00:00.000000000Z,SELL,LOSS,-115.68,11452.66
2025-11-03T19:00:00.000000000Z,SELL,WIN,229.06,11681.72
2025-11-04T05:00:00.000000000Z,SELL,LOSS,-116.82,11564.90
2025-11-04T09:00:00.000000000Z,SELL,WIN,231.30,11796.20
2025-11-05T07:00:00.000000000Z,SELL,LOSS,-117.96,11678.24
2025-11-10T13:00:00.000000000Z,BUY,LOSS,-116.78,11561.46
2025-11-10T18:00:00.000000000Z,BUY,LOSS,-115.61,11445.85
2025-11-12T22:00:00.000000000Z,BUY,LOSS,-114.46,11331.39
2025-11-13T02:00:00.000000000Z,BUY,WIN,226.62,11558.01
2025-11-13T23:00:00.000000000Z,BUY,LOSS,-115.58,11442.43
2025-11-14T03:00:00.000000000Z,BUY,LOSS,-114.42,11328.01
2025-11-14T13:00:00.000000000Z,BUY,LOSS,-113.28,11214.73
2025-11-18T01:00:00.000000000Z,SELL,LOSS,-112.15,11102.58
2025-11-18T07:00:00.000000000Z,SELL,LOSS,-111.03,10991.55
2025-11-18T16:00:00.000000000Z,SELL,LOSS,-109.92,10881.63
2025-11-19T14:00:00.000000000Z,SELL,WIN,217.64,11099.27
2025-11-24T00:00:00.000000000Z,SELL,LOSS,-110.99,10988.28
2025-11-26T12:00:00.000000000Z,BUY,LOSS,-109.88,10878.40
2025-11-26T15:00:00.000000000Z,BUY,WIN,217.56,11095.96
2025-12-01T08:00:00.000000000Z,BUY,WIN,221.92,11317.88
2025-12-04T12:00:00.000000000Z,BUY,LOSS,-113.18,11204.70
2025-12-04T16:00:00.000000000Z,BUY,LOSS,-112.05,11092.65
2025-12-12T18:00:00.000000000Z,BUY,LOSS,-110.93,10981.72
2025-12-16T00:00:00.000000000Z,BUY,LOSS,-109.82,10871.90
2025-12-18T16:00:00.000000000Z,SELL,LOSS,-108.72,10763.18
2025-12-19T21:00:00.000000000Z,SELL,LOSS,-107.63,10655.55
2025-12-22T00:00:00.000000000Z,SELL,LOSS,-106.56,10548.99
2025-12-23T19:00:00.000000000Z,BUY,WIN,210.98,10759.97
2025-12-29T03:00:00.000000000Z,SELL,WIN,215.20,10975.17
2025-12-29T11:00:00.000000000Z,SELL,LOSS,-109.75,10865.42
2025-12-29T16:00:00.000000000Z,SELL,LOSS,-108.65,10756.77
2025-12-30T12:00:00.000000000Z,SELL,WIN,215.14,10971.91
2025-12-31T14:00:00.000000000Z,SELL,WIN,219.44,11191.35
2025-12-31T17:00:00.000000000Z,SELL,LOSS,-111.91,11079.44
2026-01-04T23:00:00.000000000Z,SELL,WIN,221.58,11301.02
2026-01-07T16:00:00.000000000Z,SELL,WIN,226.02,11527.04
2026-01-08T13:00:00.000000000Z,SELL,WIN,230.54,11757.58
2026-01-09T10:00:00.000000000Z,SELL,LOSS,-117.58,11640.00
2026-01-16T09:00:00.000000000Z,SELL,LOSS,-116.40,11523.60
2026-01-26T15:00:00.000000000Z,BUY,WIN,230.48,11754.08
2026-01-27T10:00:00.000000000Z,BUY,LOSS,-117.54,11636.54
2026-02-02T13:00:00.000000000Z,SELL,WIN,232.74,11869.28
2026-02-03T15:00:00.000000000Z,SELL,LOSS,-118.69,11750.59
2026-02-03T19:00:00.000000000Z,SELL,LOSS,-117.51,11633.08
2026-02-05T00:00:00.000000000Z,SELL,WIN,232.66,11865.74
2026-02-05T21:00:00.000000000Z,SELL,LOSS,-118.66,11747.08
2026-02-06T08:00:00.000000000Z,SELL,LOSS,-117.47,11629.61
2026-02-12T13:00:00.000000000Z,SELL,LOSS,-116.30,11513.31
2026-02-12T17:00:00.000000000Z,SELL,WIN,230.26,11743.57
2026-02-16T10:00:00.000000000Z,SELL,WIN,234.88,11978.45
2026-02-18T08:00:00.000000000Z,SELL,LOSS,-119.78,11858.67
2026-02-25T14:00:00.000000000Z,SELL,LOSS,-118.59,11740.08
2026-03-02T05:00:00.000000000Z,SELL,WIN,234.80,11974.88
2026-03-02T21:00:00.000000000Z,SELL,LOSS,-119.75,11855.13
2026-03-03T04:00:00.000000000Z,SELL,WIN,237.10,12092.23
2026-03-04T09:00:00.000000000Z,SELL,LOSS,-120.92,11971.31
2026-03-05T20:00:00.000000000Z,SELL,LOSS,-119.71,11851.60
2026-03-12T13:00:00.000000000Z,SELL,LOSS,-118.52,11733.08
2026-03-16T05:00:00.000000000Z,SELL,WIN,234.66,11967.74
2026-03-18T04:00:00.000000000Z,BUY,LOSS,-119.68,11848.06
2026-03-22T21:00:00.000000000Z,BUY,WIN,236.96,12085.02
2026-03-23T00:00:00.000000000Z,BUY,LOSS,-120.85,11964.17
2026-03-23T18:00:00.000000000Z,BUY,LOSS,-119.64,11844.53
2026-03-24T21:00:00.000000000Z,BUY,WIN,236.90,12081.43
2026-03-26T11:00:00.000000000Z,SELL,WIN,241.62,12323.05
2026-03-26T17:00:00.000000000Z,SELL,LOSS,-123.23,12199.82
2026-03-27T07:00:00.000000000Z,SELL,WIN,244.00,12443.82
2026-03-30T07:00:00.000000000Z,SELL,WIN,248.88,12692.70
2026-03-31T11:00:00.000000000Z,SELL,LOSS,-126.93,12565.77
2026-04-07T12:00:00.000000000Z,BUY,WIN,251.32,12817.09
2026-04-10T04:00:00.000000000Z,BUY,LOSS,-128.17,12688.92
2026-04-10T10:00:00.000000000Z,BUY,WIN,253.78,12942.70
2026-04-14T23:00:00.000000000Z,BUY,LOSS,-129.43,12813.27
2026-04-15T19:00:00.000000000Z,BUY,WIN,256.26,13069.53
2026-04-22T12:00:00.000000000Z,SELL,WIN,261.40,13330.93
2026-04-23T18:00:00.000000000Z,SELL,LOSS,-133.31,13197.62
2026-05-01T11:00:00.000000000Z,BUY,WIN,263.96,13461.58
2026-05-05T12:00:00.000000000Z,SELL,LOSS,-134.62,13326.96
2026-05-06T22:00:00.000000000Z,BUY,WIN,266.54,13593.50
2026-05-11T01:00:00.000000000Z,BUY,LOSS,-135.94,13457.56
2026-05-11T13:00:00.000000000Z,BUY,LOSS,-134.58,13322.98
2026-05-13T03:00:00.000000000Z,SELL,WIN,266.46,13589.44
2026-05-14T06:00:00.000000000Z,SELL,LOSS,-135.89,13453.55
2026-05-14T10:00:00.000000000Z,SELL,WIN,269.08,13722.63
2026-05-17T23:00:00.000000000Z,SELL,LOSS,-137.23,13585.40
2026-05-19T09:00:00.000000000Z,SELL,WIN,271.70,13857.10
2026-05-25T13:00:00.000000000Z,BUY,LOSS,-138.57,13718.53
2026-05-25T18:00:00.000000000Z,BUY,LOSS,-137.19,13581.34
2026-05-27T03:00:00.000000000Z,BUY,WIN,271.62,13852.96
2026-06-04T23:00:00.000000000Z,SELL,LOSS,-138.53,13714.43
2026-06-08T06:00:00.000000000Z,SELL,LOSS,-137.14,13577.29
2026-06-10T17:00:00.000000000Z,BUY,LOSS,-135.77,13441.52
2026-06-11T14:00:00.000000000Z,SELL,WIN,268.84,13710.36
2026-06-16T15:00:00.000000000Z,BUY,LOSS,-137.10,13573.26
2026-06-19T02:00:00.000000000Z,SELL,WIN,271.46,13844.72
2026-06-25T11:00:00.000000000Z,SELL,LOSS,-138.45,13706.27
2026-06-30T18:00:00.000000000Z,BUY,LOSS,-137.06,13569.21
2026-07-02T00:00:00.000000000Z,SELL,LOSS,-135.69,13433.52
2026-07-08T09:00:00.000000000Z,SELL,LOSS,-134.34,13299.18
